FilmID,Tittel,Action,Adventure,Animation,Children's,Comedy,Crime,Documentary,Drama,Fantasy,Film-Noir,Horror,Musical,Mystery,Romance,Sci-Fi,Thriller,War,Western
0,Autumn in New York (2000),0,0,0,0,0,0,0,1,0,0,0,0,0,1,0,0,0,0
1,"Vie est belle, La (Life is Rosey) (1987)",0,0,0,0,1,0,0,1,0,0,0,0,0,0,0,0,0,0
2,Defying Gravity (1997),0,0,0,0,0,0,0,1,0,0,0,0,0,0,0,0,0,0
3,Ruthless People (1986),0,0,0,0,1,0,0,0,0,0,0,0,0,0,0,0,0,0
4,Portraits Chinois (1996),0,0,0,0,0,0,0,1,0,0,0,0,0,0,0,0,0,0
5,Defending Your Life (1991),0,0,0,0,1,0,0,0,0,0,0,0,0,1,0,0,0,0
6,"Omega Code, The (1999)",1,0,0,0,0,0,0,0,0,0,0,0,0,0,0,0,0,0
7,"Hard 8 (a.k.a. Sydney, a.k.a. Hard Eight) (1996)",0,0,0,0,0,1,0,0,0,0,0,0,0,0,0,1,0,0
8,Mad City (1997),1,0,0,0,0,0,0,1,0,0,0,0,0,0,0,0,0,0
9,National Lampoon's Senior Trip (1995),0,0,0,0,1,0,0,0,0,0,0,0,0,0,0,0,0,0
10,"Misérables, Les (1995)",0,0,0,0,0,0,0,1,0,0,0,1,0,0,0,0,0,0
11,"Decline of Western Civilization Part II: The Metal Years, The (1988)",0,0,0,0,0,0,1,0,0,0,0,0,0,0,0,0,0,0
12,"Slumber Party Massacre, The (1982)",0,0,0,0,0,0,0,0,0,0,1,0,0,0,0,0,0,0
13,Species II (1998),0,0,0,0,0,0,0,0,0,0,1,0,0,0,1,0,0,0
14,Westworld (1973),1,0,0,0,0,0,0,0,0,0,0,0,0,0,1,1,0,1
15,Madagascar Skin (1995),0,0,0,0,0,0,0,0,0,0,0,0,0,1,0,0,0,0
16,"Dreamlife of Angels, The (La Vie rêvée des anges) (1998)",0,0,0,0,0,0,0,1,0,0,0,0,0,0,0,0,0,0
17,"Goodbye Girl, The (1977)",0,0,0,0,1,0,0,0,0,0,0,0,0,1,0,0,0,0
18,Roman Holiday (1953),0,0,0,0,1,0,0,0,0,0,0,0,0,1,0,0,0,0
19,Beverly Hills Cop III (1994),1,0,0,0,1,0,0,0,0,0,0,0,0,0,0,0,0,0
20,Maximum Overdrive (1986),0,0,0,0,0,0,0,0,0,0,1,0,0,0,0,0,0,0
21,"Blood Spattered Bride, The (La Novia Ensangrentada) (1972)",0,0,0,0,0,0,0,0,0,0,1,0,0,0,0,0,0,0
22,Swept Away (Travolti da un insolito destino nell'azzurro mare d'Agosto) (1975),0,0,0,0,1,0,0,1,0,0,0,0,0,0,0,0,0,0
23,Eyes Without a Face (1959),0,0,0,0,0,0,0,0,0,0,1,0,0,0,0,0,0,0
24,Shaft's Big Score! (1972),1,0,0,0,0,1,0,0,0,0,0,0,0,0,0,0,0,0
25,Indiana Jones and the Temple of Doom (1984),1,1,0,0,0,0,0,0,0,0,0,0,0,0,0,0,0,0
26,"Dark Crystal, The (1982)",0,0,0,1,0,0,0,0,1,0,0,0,0,0,1,0,0,0
27,"Invitation, The (Zaproszenie) (1986)",0,0,0,0,0,0,0,1,0,0,0,0,0,0,0,0,0,0
28,Tumbleweeds (1999),0,0,0,0,0,0,0,1,0,0,0,0,0,0,0,0,0,0
29,Gulliver's Travels (1939),0,1,1,1,0,0,0,0,0,0,0,0,0,0,0,0,0,0
30,"Wrong Trousers, The (1993)",0,0,1,0,1,0,0,0,0,0,0,0,0,0,0,0,0,0
31,'Til There Was You (1997),0,0,0,0,0,0,0,1,0,0,0,0,0,1,0,0,0,0
32,Schlafes Bruder (Brother of Sleep) (1995),0,0,0,0,0,0,0,1,0,0,0,0,0,0,0,0,0,0
33,Tarantella (1995),0,0,0,0,0,0,0,1,0,0,0,0,0,0,0,0,0,0
34,"Prince of Tides, The (1991)",0,0,0,0,0,0,0,1,0,0,0,0,0,1,0,0,0,0
35,Room at the Top (1959),0,0,0,0,0,0,0,1,0,0,0,0,0,0,0,0,0,0
36,"Piano, The (1993)",0,0,0,0,0,0,0,1,0,0,0,0,0,1,0,0,0,0
37,Faithful (1996),0,0,0,0,1,0,0,0,0,0,0,0,0,0,0,0,0,0
38,Highlander (1986),1,1,0,0,0,0,0,0,0,0,0,0,0,0,0,0,0,0
39,Wend Kuuni (God's Gift) (1982),0,0,0,0,0,0,0,1,0,0,0,0,0,0,0,0,0,0
40,Curtis's Charm (1995),0,0,0,0,1,0,0,1,0,0,0,0,0,0,0,0,0,0
41,"Battleship Potemkin, The (Bronenosets Potyomkin) (1925)",0,0,0,0,0,0,0,1,0,0,0,0,0,0,0,0,1,0
42,Crooklyn (1994),0,0,0,0,1,0,0,0,0,0,0,0,0,0,0,0,0,0
43,"Sweet Hereafter, The (1997)",0,0,0,0,0,0,0,1,0,0,0,0,0,0,0,0,0,0
44,Bhaji on the Beach (1993),0,0,0,0,1,0,0,1,0,0,0,0,0,0,0,0,0,0
45,"Great White Hype, The (1996)",0,0,0,0,1,0,0,0,0,0,0,0,0,0,0,0,0,0
46,"Boy Called Hate, A (1995)",0,0,0,0,0,0,0,1,0,0,0,0,0,0,0,0,0,0
47,Working Girl (1988),0,0,0,0,1,0,0,1,0,0,0,0,0,0,0,0,0,0
48,To Catch a Thief (1955),0,0,0,0,1,0,0,0,0,0,0,0,0,1,0,1,0,0
49,Smoke Signals (1998),0,0,0,0,1,0,0,1,0,0,0,0,0,0,0,0,0,0
50,"Believers, The (1987)",0,0,0,0,0,0,0,0,0,0,1,0,0,0,0,1,0,0
51,Get Bruce (1999),0,0,0,0,0,0,1,0,0,0,0,0,0,0,0,0,0,0
52,Halloween 5: The Revenge of Michael Myers (1989),0,0,0,0,0,0,0,0,0,0,1,0,0,0,0,0,0,0
53,Wedding Bell Blues (1996),0,0,0,0,1,0,0,0,0,0,0,0,0,0,0,0,0,0
54,"Killing, The (1956)",0,0,0,0,0,1,0,0,0,1,0,0,0,0,0,0,0,0
55,Rudy (1993),0,0,0,0,0,0,0,1,0,0,0,0,0,0,0,0,0,0
56,Shopping (1994),1,0,0,0,0,0,0,0,0,0,0,0,0,0,0,1,0,0
57,Loaded (1994),0,0,0,0,0,0,0,1,0,0,0,0,0,0,0,1,0,0
58,Quartier Mozart (1992),0,0,0,0,1,0,0,0,0,0,0,0,0,0,0,0,0,0
59,Brassed Off (1996),0,0,0,0,1,0,0,1,0,0,0,0,0,1,0,0,0,0
60,"Suburbans, The (1999)",0,0,0,0,0,0,0,1,0,0,0,0,0,0,0,0,0,0
61,"Brother from Another Planet, The (1984)",0,0,0,0,0,0,0,1,0,0,0,0,0,0,1,0,0,0
62,Song of the South (1946),0,1,1,1,0,0,0,0,0,0,0,1,0,0,0,0,0,0
63,Foreign Student (1994),0,0,0,0,0,0,0,1,0,0,0,0,0,0,0,0,0,0
64,"Great Race, The (1965)",0,0,0,0,1,0,0,0,0,0,0,1,0,0,0,0,0,0
65,"Minus Man, The (1999)",0,0,0,0,0,0,0,1,0,0,0,0,1,0,0,0,0,0
66,"Nightmare on Elm Street, A (1984)",0,0,0,0,0,0,0,0,0,0,1,0,0,0,0,0,0,0
67,Rosetta (1999),0,0,0,0,0,0,0,1,0,0,0,0,0,0,0,0,0,0
68,"Corruptor, The (1999)",1,0,0,0,0,1,0,1,0,0,0,0,0,0,0,1,0,0
69,Zone 39 (1997),0,0,0,0,0,0,0,0,0,0,0,0,0,0,1,0,0,0
70,"General, The (1927)",0,0,0,0,1,0,0,0,0,0,0,0,0,0,0,0,0,0
71,Being Human (1993),0,0,0,0,0,0,0,1,0,0,0,0,0,0,0,0,0,0
72,"Money Pit, The (1986)",0,0,0,0,1,0,0,0,0,0,0,0,0,0,0,0,0,0
73,"Adventures of Milo and Otis, The (1986)",0,0,0,1,0,0,0,0,0,0,0,0,0,0,0,0,0,0
74,Nine 1/2 Weeks (1986),0,0,0,0,0,0,0,1,0,0,0,0,0,0,0,0,0,0
75,Bride of Chucky (1998),0,0,0,0,0,0,0,0,0,0,1,0,0,0,0,1,0,0
76,Flatliners (1990),0,0,0,0,0,0,0,0,0,0,0,0,0,0,0,1,0,0
77,New York Cop (1996),1,0,0,0,0,1,0,0,0,0,0,0,0,0,0,0,0,0
78,Barenaked in America (1999),0,0,0,0,0,0,1,0,0,0,0,0,0,0,0,0,0,0
79,"Last Detail, The (1973)",0,0,0,0,1,0,0,1,0,0,0,0,0,0,0,0,0,0
80,Twin Dragons (Shuang long hui) (1992),1,0,0,0,1,0,0,0,0,0,0,0,0,0,0,0,0,0
81,"Man Who Knew Too Much, The (1956)",0,0,0,0,0,0,0,0,0,0,0,0,0,0,0,1,0,0
82,Jackie Brown (1997),0,0,0,0,0,1,0,1,0,0,0,0,0,0,0,0,0,0
83,Stigmata (1999),0,0,0,0,0,0,0,0,0,0,0,0,0,0,0,1,0,0
84,U2: Rattle and Hum (1988),0,0,0,0,0,0,1,0,0,0,0,1,0,0,0,0,0,0
85,Sister Act (1992),0,0,0,0,1,1,0,0,0,0,0,0,0,0,0,0,0,0
86,Kagemusha (1980),0,0,0,0,0,0,0,1,0,0,0,0,0,0,0,0,1,0
87,Splendor in the Grass (1961),0,0,0,0,0,0,0,1,0,0,0,0,0,0,0,0,0,0
88,Star Trek: Insurrection (1998),1,0,0,0,0,0,0,0,0,0,0,0,0,0,1,0,0,0
89,Hangmen Also Die (1943),0,0,0,0,0,0,0,1,0,0,0,0,0,0,0,0,1,0
90,Six Ways to Sunday (1997),0,0,0,0,1,0,0,0,0,0,0,0,0,0,0,0,0,0
91,Back Stage (2000),0,0,0,0,0,0,1,0,0,0,0,0,0,0,0,0,0,0
92,Still Crazy (1998),0,0,0,0,1,0,0,0,0,0,0,0,0,1,0,0,0,0
93,Boiling Point (1993),1,0,0,0,0,0,0,1,0,0,0,0,0,0,0,0,0,0
94,Rocky II (1979),1,0,0,0,0,0,0,1,0,0,0,0,0,0,0,0,0,0
95,Honigmond (1996),0,0,0,0,1,0,0,0,0,0,0,0,0,0,0,0,0,0
96,"World Is Not Enough, The (1999)",1,0,0,0,0,0,0,0,0,0,0,0,0,0,0,1,0,0
97,Young Sherlock Holmes (1985),1,1,0,0,0,0,0,0,0,0,0,0,1,0,0,0,0,0
98,"Joy Luck Club, The (1993)",0,0,0,0,0,0,0,1,0,0,0,0,0,0,0,0,0,0
99,All Over Me (1997),0,0,0,0,0,0,0,1,0,0,0,0,0,0,0,0,0,0
100,Come See the Paradise (1990),0,0,0,0,0,0,0,1,0,0,0,0,0,1,0,0,0,0
101,When We Were Kings (1996),0,0,0,0,0,0,1,0,0,0,0,0,0,0,0,0,0,0
103,Schizopolis (1996),0,0,0,0,1,0,0,0,0,0,0,0,0,0,0,0,0,0
104,Killer: A Journal of Murder (1995),0,0,0,0,0,1,0,1,0,0,0,0,0,0,0,0,0,0
105,Barcelona (1994),0,0,0,0,1,0,0,0,0,0,0,0,0,1,0,0,0,0
106,Shanghai Triad (Yao a yao yao dao waipo qiao) (1995),0,0,0,0,0,0,0,1,0,0,0,0,0,0,0,0,0,0
107,Perfect Blue (1997),0,0,1,0,0,0,0,0,0,0,0,0,1,0,0,0,0,0
108,White Christmas (1954),0,0,0,0,0,0,0,0,0,0,0,1,0,0,0,0,0,0
109,Message to Love: The Isle of Wight Festival (1996),0,0,0,0,0,0,1,0,0,0,0,0,0,0,0,0,0,0
110,My Bodyguard (1980),0,0,0,0,0,0,0,1,0,0,0,0,0,0,0,0,0,0
111,Destiny Turns on the Radio (1995),0,0,0,0,1,0,0,0,0,0,0,0,0,0,0,0,0,0
112,Cold Fever (Á köldum klaka) (1994),0,0,0,0,1,0,0,1,0,0,0,0,0,0,0,0,0,0
113,Steal This Movie! (2000),0,0,0,0,0,0,0,1,0,0,0,0,0,0,0,0,0,0
114,Dinosaur (2000),0,0,1,1,0,0,0,0,0,0,0,0,0,0,0,0,0,0
115,"Air Up There, The (1994)",0,0,0,0,1,0,0,0,0,0,0,0,0,0,0,0,0,0
116,"Old Man and the Sea, The (1958)",0,1,0,0,0,0,0,1,0,0,0,0,0,0,0,0,0,0
117,Buck and the Preacher (1972),0,0,0,0,0,0,0,0,0,0,0,0,0,0,0,0,0,1
118,Two if by Sea (1996),0,0,0,0,1,0,0,0,0,0,0,0,0,1,0,0,0,0
119,For Love or Money (1993),0,0,0,0,1,0,0,0,0,0,0,0,0,0,0,0,0,0
120,"Suddenly, Last Summer (1959)",0,0,0,0,0,0,0,1,0,0,0,0,0,0,0,0,0,0
121,Rising Sun (1993),1,0,0,0,0,0,0,1,0,0,0,0,1,0,0,0,0,0
123,On the Beach (1959),0,0,0,0,0,0,0,1,0,0,0,0,0,0,0,0,0,0
124,Time Code (2000),0,0,0,0,0,0,0,1,0,0,0,0,0,0,0,0,0,0
125,Mr. Smith Goes to Washington (1939),0,0,0,0,0,0,0,1,0,0,0,0,0,0,0,0,0,0
126,"Gate of Heavenly Peace, The (1995)",0,0,0,0,0,0,1,0,0,0,0,0,0,0,0,0,0,0
127,Manhattan Murder Mystery (1993),0,0,0,0,1,0,0,0,0,0,0,0,1,0,0,0,0,0
128,Queen Margot (La Reine Margot) (1994),0,0,0,0,0,0,0,1,0,0,0,0,0,1,0,0,0,0
129,Frequency (2000),0,0,0,0,0,0,0,1,0,0,0,0,0,0,0,1,0,0
130,Adrenalin: Fear the Rush (1996),1,0,0,0,0,0,0,0,0,0,0,0,0,0,1,0,0,0
131,"Ciao, Professore! (Io speriamo che me la cavo ) (1993)",0,0,0,0,0,0,0,1,0,0,0,0,0,0,0,0,0,0
132,Hook (1991),0,1,0,0,0,0,0,0,1,0,0,0,0,0,0,0,0,0
133,My Fair Lady (1964),0,0,0,0,0,0,0,0,0,0,0,1,0,1,0,0,0,0
134,Jude (1996),0,0,0,0,0,0,0,1,0,0,0,0,0,0,0,0,0,0
135,"Maltese Falcon, The (1941)",0,0,0,0,0,0,0,0,0,1,0,0,1,0,0,0,0,0
137,Bringing Out the Dead (1999),0,0,0,0,0,0,0,1,0,0,1,0,0,0,0,0,0,0
138,Two Thousand Maniacs! (1964),0,0,0,0,0,0,0,0,0,0,1,0,0,0,0,0,0,0
139,"Candidate, The (1972)",0,0,0,0,0,0,0,1,0,0,0,0,0,0,0,0,0,0
140,Ghost (1990),0,0,0,0,1,0,0,0,0,0,0,0,0,1,0,1,0,0
141,"Last Temptation of Christ, The (1988)",0,0,0,0,0,0,0,1,0,0,0,0,0,0,0,0,0,0
142,House Party 2 (1991),0,0,0,0,1,0,0,0,0,0,0,0,0,0,0,0,0,0
143,"Forbidden Christ, The (Cristo proibito, Il) (1950)",0,0,0,0,0,0,0,1,0,0,0,0,0,0,0,0,0,0
144,Sleepover (1995),0,0,0,0,1,0,0,1,0,0,0,0,0,0,0,0,0,0
145,2010 (1984),0,0,0,0,0,0,0,0,0,0,0,0,1,0,1,0,0,0
146,Charm's Incidents (1996),0,0,0,0,0,0,0,1,0,0,0,0,0,0,0,0,0,0
147,"Leading Man, The (1996)",0,0,0,0,0,0,0,0,0,0,0,0,0,1,0,0,0,0
148,Go West (1925),0,0,0,0,1,0,0,0,0,0,0,0,0,0,0,0,0,0
149,Thelma & Louise (1991),1,0,0,0,0,0,0,1,0,0,0,0,0,0,0,0,0,0
150,Blade Runner (1982),0,0,0,0,0,0,0,0,0,1,0,0,0,0,1,0,0,0
151,Sabotage (1936),0,0,0,0,0,0,0,0,0,0,0,0,0,0,0,1,0,0
152,Clay Pigeons (1998),0,0,0,0,0,1,0,0,0,0,0,0,0,0,0,0,0,0
153,Running Free (2000),0,0,0,0,0,0,0,1,0,0,0,0,0,0,0,0,0,0
154,Cobb (1994),0,0,0,0,0,0,0,1,0,0,0,0,0,0,0,0,0,0
155,"Jewel of the Nile, The (1985)",1,1,0,0,1,0,0,0,0,0,0,0,0,1,0,0,0,0
156,East Palace West Palace (Dong gong xi gong) (1997),0,0,0,0,0,0,0,1,0,0,0,0,0,0,0,0,0,0
157,Tales From the Crypt Presents: Demon Knight (1995),0,0,0,0,0,0,0,0,0,0,1,0,0,0,0,0,0,0
158,"Next Step, The (1995)",0,0,0,0,0,0,0,1,0,0,0,0,0,0,0,0,0,0
159,Little Odessa (1994),0,0,0,0,0,0,0,1,0,0,0,0,0,0,0,0,0,0
160,"Third Man, The (1949)",0,0,0,0,0,0,0,0,0,0,0,0,1,0,0,1,0,0
161,"Adventures of Buckaroo Bonzai Across the 8th Dimension, The (1984)",0,1,0,0,1,0,0,0,0,0,0,0,0,0,1,0,0,0
162,"Rescuers, The (1977)",0,0,1,1,0,0,0,0,0,0,0,0,0,0,0,0,0,0
163,Cotton Mary (1999),0,0,0,0,0,0,0,1,0,0,0,0,0,0,0,0,0,0
164,Body Heat (1981),0,0,0,0,0,1,0,0,0,0,0,0,0,0,0,1,0,0
165,Atlantic City (1980),0,0,0,0,0,1,0,1,0,0,0,0,0,1,0,0,0,0
166,Romancing the Stone (1984),1,1,0,0,1,0,0,0,0,0,0,0,0,1,0,0,0,0
167,Happiness Is in the Field (1995),0,0,0,0,1,0,0,0,0,0,0,0,0,0,0,0,0,0
168,Surviving Picasso (1996),0,0,0,0,0,0,0,1,0,0,0,0,0,0,0,0,0,0
169,Condition Red (1995),1,0,0,0,0,0,0,1,0,0,0,0,0,0,0,1,0,0
170,Halloween (1978),0,0,0,0,0,0,0,0,0,0,1,0,0,0,0,0,0,0
171,Ghostbusters II (1989),0,0,0,0,1,0,0,0,0,0,1,0,0,0,0,0,0,0
172,Cube (1997),0,0,0,0,0,0,0,0,0,0,0,0,0,0,1,1,0,0
173,My Favorite Martian (1999),0,0,0,0,1,0,0,0,0,0,0,0,0,0,1,0,0,0
174,Tin Men (1987),0,0,0,0,1,0,0,1,0,0,0,0,0,0,0,0,0,0
175,Volunteers (1985),0,0,0,0,1,0,0,0,0,0,0,0,0,0,0,0,0,0
176,"Lion King, The (1994)",0,0,1,1,0,0,0,0,0,0,0,1,0,0,0,0,0,0
177,Touch of Evil (1958),0,0,0,0,0,1,0,0,0,1,0,0,0,0,0,1,0,0
178,Kids (1995),0,0,0,0,0,0,0,1,0,0,0,0,0,0,0,0,0,0
179,Patton (1970),0,0,0,0,0,0,0,1,0,0,0,0,0,0,0,0,1,0
180,"Tigger Movie, The (2000)",0,0,1,1,0,0,0,0,0,0,0,0,0,0,0,0,0,0
181,Little Big League (1994),0,0,0,1,1,0,0,0,0,0,0,0,0,0,0,0,0,0
182,Nineteen Eighty-Four (1984),0,0,0,0,0,0,0,1,0,0,0,0,0,0,1,0,0,0
183,Under the Domin Tree (Etz Hadomim Tafus) (1994),0,0,0,0,0,0,0,1,0,0,0,0,0,0,0,0,0,0
184,With Byrd at the South Pole (1930),0,0,0,0,0,0,1,0,0,0,0,0,0,0,0,0,0,0
185,"Fast, Cheap & Out of Control (1997)",0,0,0,0,0,0,1,0,0,0,0,0,0,0,0,0,0,0
186,Hellraiser III: Hell on Earth (1992),0,0,0,0,0,0,0,0,0,0,1,0,0,0,0,0,0,0
187,Playing God (1997),0,0,0,0,0,1,0,0,0,0,0,0,0,0,0,1,0,0
188,Alien³ (1992),1,0,0,0,0,0,0,0,0,0,1,0,0,0,1,1,0,0
189,"Far Off Place, A (1993)",0,1,0,1,0,0,0,1,0,0,0,0,0,1,0,0,0,0
190,"Star Maker, The (Uomo delle stelle, L') (1995)",0,0,0,0,0,0,0,1,0,0,0,0,0,0,0,0,0,0
191,Lord of the Flies (1963),0,1,0,0,0,0,0,1,0,0,0,0,0,0,0,1,0,0
192,Things to Do in Denver when You're Dead (1995),0,0,0,0,0,1,0,1,0,0,0,0,0,1,0,0,0,0
193,Smiling Fish and Goat on Fire (1999),0,0,0,0,0,0,0,1,0,0,0,0,0,0,0,0,0,0
194,"Sea Wolves, The (1980)",1,0,0,0,0,0,0,0,0,0,0,0,0,0,0,0,1,0
195,We're Back! A Dinosaur's Story (1993),0,0,1,1,0,0,0,0,0,0,0,0,0,0,0,0,0,0
196,"Scarlet Letter, The (1926)",0,0,0,0,0,0,0,1,0,0,0,0,0,0,0,0,0,0
197,Vampire in Brooklyn (1995),0,0,0,0,1,0,0,0,0,0,0,0,0,1,0,0,0,0
198,Conceiving Ada (1997),0,0,0,0,0,0,0,1,0,0,0,0,0,0,1,0,0,0
199,"Great Day in Harlem, A (1994)",0,0,0,0,0,0,1,0,0,0,0,0,0,0,0,0,0,0
200,Pet Sematary (1989),0,0,0,0,0,0,0,0,0,0,1,0,0,0,0,0,0,0
201,Virtuosity (1995),0,0,0,0,0,0,0,0,0,0,0,0,0,0,1,1,0,0
202,"Love Bewitched, A (El Amor Brujo) (1986)",0,0,0,0,0,0,0,0,0,0,0,1,0,0,0,0,0,0
203,Midnight Run (1988),1,1,0,0,1,1,0,0,0,0,0,0,0,0,0,0,0,0
204,Three Days of the Condor (1975),0,0,0,0,0,0,0,0,0,0,0,0,0,0,0,1,0,0
205,Ordinary People (1980),0,0,0,0,0,0,0,1,0,0,0,0,0,0,0,0,0,0
206,"Golden Bowl, The (2000)",0,0,0,0,0,0,0,1,0,0,0,0,0,0,0,0,0,0
207,Something for Everyone (1970),0,0,0,0,1,1,0,0,0,0,0,0,0,0,0,0,0,0
208,Suture (1993),0,0,0,0,0,0,0,0,0,1,0,0,0,0,0,1,0,0
209,"Shop Around the Corner, The (1940)",0,0,0,0,1,0,0,0,0,0,0,0,0,1,0,0,0,0
210,"Blue Lagoon, The (1980)",0,1,0,0,0,0,0,1,0,0,0,0,0,1,0,0,0,0
211,"301, 302 (1995)",0,0,0,0,0,0,0,0,0,0,0,0,1,0,0,0,0,0
212,Elstree Calling (1930),0,0,0,0,1,0,0,0,0,0,0,1,0,0,0,0,0,0
213,Child's Play 3 (1992),0,0,0,0,0,0,0,0,0,0,1,0,0,0,0,0,0,0
214,Drugstore Cowboy (1989),0,0,0,0,0,1,0,1,0,0,0,0,0,0,0,0,0,0
215,"Van, The (1996)",0,0,0,0,1,0,0,1,0,0,0,0,0,0,0,0,0,0
216,Duel in the Sun (1946),0,0,0,0,0,0,0,0,0,0,0,0,0,0,0,0,0,1
217,Leatherface: Texas Chainsaw Massacre III (1990),0,0,0,0,0,0,0,0,0,0,1,0,0,0,0,0,0,0
218,Bed of Roses (1996),0,0,0,0,0,0,0,1,0,0,0,0,0,1,0,0,0,0
219,Whatever (1998),0,0,0,0,0,0,0,1,0,0,0,0,0,0,0,0,0,0
220,"Evening Star, The (1996)",0,0,0,0,1,0,0,1,0,0,0,0,0,0,0,0,0,0
221,"Baby-Sitters Club, The (1995)",0,0,0,1,0,0,0,0,0,0,0,0,0,0,0,0,0,0
222,"Terrorist, The (Malli) (1998)",0,0,0,0,0,0,0,1,0,0,0,0,0,0,0,0,0,0
223,"Hustler, The (1961)",0,0,0,0,0,0,0,1,0,0,0,0,0,0,0,0,0,0
224,Stalingrad (1993),0,0,0,0,0,0,0,0,0,0,0,0,0,0,0,0,1,0
225,When a Man Loves a Woman (1994),0,0,0,0,0,0,0,1,0,0,0,0,0,0,0,0,0,0
226,Sonic Outlaws (1995),0,0,0,0,0,0,1,0,0,0,0,0,0,0,0,0,0,0
227,"Good Earth, The (1937)",0,0,0,0,0,0,0,1,0,0,0,0,0,0,0,0,0,0
228,Erin Brockovich (2000),0,0,0,0,0,0,0,1,0,0,0,0,0,0,0,0,0,0
229,Madeline (1998),0,0,0,1,1,0,0,0,0,0,0,0,0,0,0,0,0,0
230,Love Affair (1994),0,0,0,0,0,0,0,1,0,0,0,0,0,1,0,0,0,0
231,Whipped (2000),0,0,0,0,1,0,0,0,0,0,0,0,0,0,0,0,0,0
232,"Dog's Life, A (1920)",0,0,0,0,1,0,0,0,0,0,0,0,0,0,0,0,0,0
233,Paris Was a Woman (1995),0,0,0,0,0,0,1,0,0,0,0,0,0,0,0,0,0,0
234,To Cross the Rubicon (1991),0,0,0,0,0,0,0,1,0,0,0,0,0,0,0,0,0,0
235,Winnie the Pooh and the Blustery Day (1968),0,0,1,1,0,0,0,0,0,0,0,0,0,0,0,0,0,0
236,"In Crowd, The (2000)",0,0,0,0,0,0,0,0,0,0,0,0,0,0,0,1,0,0
237,Fried Green Tomatoes (1991),0,0,0,0,0,0,0,1,0,0,0,0,0,0,0,0,0,0
238,Dead Again (1991),0,0,0,0,0,0,0,0,0,0,0,0,1,1,0,1,0,0
239,SubUrbia (1997),0,0,0,0,1,0,0,0,0,0,0,0,0,0,0,0,0,0
240,Braddock: Missing in Action III (1988),1,0,0,0,0,0,0,0,0,0,0,0,0,0,0,0,1,0
241,Wild Wild West (1999),1,0,0,0,0,0,0,0,0,0,0,0,0,0,1,0,0,1
242,"Adventures of Priscilla, Queen of the Desert, The (1994)",0,0,0,0,1,0,0,1,0,0,0,0,0,0,0,0,0,0
243,Good Will Hunting (1997),0,0,0,0,0,0,0,1,0,0,0,0,0,0,0,0,0,0
245,Tetsuo II: Body Hammer (1992),0,0,0,0,0,0,0,0,0,0,0,0,0,0,1,0,0,0
246,Modern Times (1936),0,0,0,0,1,0,0,0,0,0,0,0,0,0,0,0,0,0
247,Nemesis 2: Nebula (1995),1,0,0,0,0,0,0,0,0,0,0,0,0,0,1,1,0,0
248,Resurrection Man (1998),0,0,0,0,0,0,0,1,0,0,0,0,0,0,0,1,0,0
249,"Institute Benjamenta, or This Dream People Call Human Life (1995)",0,0,0,0,0,0,0,1,0,0,0,0,0,0,0,0,0,0
250,Heidi Fleiss: Hollywood Madam (1995),0,0,0,0,0,0,1,0,0,0,0,0,0,0,0,0,0,0
251,Braindead (1992),0,0,0,0,1,0,0,0,0,0,1,0,0,0,0,0,0,0
252,Criminal Lovers (Les Amants Criminels) (1999),0,0,0,0,0,0,0,1,0,0,0,0,0,1,0,0,0,0
253,"Superweib, Das (1996)",0,0,0,0,1,0,0,0,0,0,0,0,0,0,0,0,0,0
254,Traveller (1997),0,0,0,0,0,0,0,1,0,0,0,0,0,0,0,0,0,0
255,Zero Kelvin (Kjærlighetens kjøtere) (1995),1,0,0,0,0,0,0,0,0,0,0,0,0,0,0,0,0,0
256,What Happened Was... (1994),0,0,0,0,1,0,0,1,0,0,0,0,0,1,0,0,0,0
257,Old Yeller (1957),0,0,0,1,0,0,0,1,0,0,0,0,0,0,0,0,0,0
258,Half Baked (1998),0,0,0,0,1,0,0,0,0,0,0,0,0,0,0,0,0,0
259,Nénette et Boni (1996),0,0,0,0,0,0,0,1,0,0,0,0,0,0,0,0,0,0
260,"Thirteenth Floor, The (1999)",0,0,0,0,0,0,0,1,0,0,0,0,0,0,1,1,0,0
261,Beyond the Poseidon Adventure (1979),0,1,0,0,0,0,0,0,0,0,0,0,0,0,0,0,0,0
262,"Little Rascals, The (1994)",0,0,0,1,1,0,0,0,0,0,0,0,0,0,0,0,0,0
263,"Ennui, L' (1998)",0,0,0,0,0,0,0,1,0,0,0,0,0,1,0,0,0,0
264,Power 98 (1995),1,0,0,0,0,0,0,0,0,0,0,0,1,0,0,1,0,0
265,"Bridges of Madison County, The (1995)",0,0,0,0,0,0,0,1,0,0,0,0,0,1,0,0,0,0
266,Screwed (2000),0,0,0,0,1,0,0,0,0,0,0,0,0,0,0,0,0,0
267,Bonfire of the Vanities (1990),0,0,0,0,1,0,0,0,0,0,0,0,0,0,0,0,0,0
268,Repossessed (1990),0,0,0,0,1,0,0,0,0,0,0,0,0,0,0,0,0,0
269,"Mystery, Alaska (1999)",0,0,0,0,1,0,0,0,0,0,0,0,0,0,0,0,0,0
270,Shanghai Noon (2000),1,0,0,0,0,0,0,0,0,0,0,0,0,0,0,0,0,0
271,Seven Years in Tibet (1997),0,0,0,0,0,0,0,1,0,0,0,0,0,0,0,0,1,0
272,"Browning Version, The (1994)",0,0,0,0,0,0,0,1,0,0,0,0,0,0,0,0,0,0
273,Charade (1963),0,0,0,0,1,0,0,0,0,0,0,0,1,1,0,1,0,0
274,"Muppet Christmas Carol, The (1992)",0,0,0,1,0,0,0,0,0,0,0,1,0,0,0,0,0,0
275,Anguish (Angustia) (1986),0,0,0,0,0,0,0,0,0,0,1,0,0,0,0,0,0,0
276,Holy Man (1998),0,0,0,0,1,0,0,0,0,0,0,0,0,0,0,0,0,0
277,Twelfth Night (1996),0,0,0,0,1,0,0,1,0,0,0,0,0,1,0,0,0,0
278,Candyman: Farewell to the Flesh (1995),0,0,0,0,0,0,0,0,0,0,1,0,0,0,0,0,0,0
279,"Fly II, The (1989)",0,0,0,0,0,0,0,0,0,0,1,0,0,0,1,0,0,0
280,Frank and Ollie (1995),0,0,0,0,0,0,1,0,0,0,0,0,0,0,0,0,0,0
281,"Daytrippers, The (1996)",0,0,0,0,0,0,0,0,0,0,0,0,1,0,0,0,0,0
282,"Lady Vanishes, The (1938)",0,0,0,0,1,0,0,0,0,0,0,0,1,1,0,1,0,0
283,Lady and the Tramp (1955),0,0,1,1,1,0,0,0,0,0,0,1,0,1,0,0,0,0
284,Sommersby (1993),0,0,0,0,0,0,0,1,0,0,0,0,1,1,0,0,0,0
285,"Velocity of Gary, The (1998)",0,0,0,0,1,0,0,0,0,0,0,0,0,1,0,0,0,0
286,Six-String Samurai (1998),1,1,0,0,0,0,0,0,0,0,0,0,0,0,1,0,0,0
287,Key Largo (1948),0,0,0,0,0,1,0,1,0,1,0,0,0,0,0,1,0,0
288,Hairspray (1988),0,0,0,0,1,0,0,1,0,0,0,0,0,0,0,0,0,0
289,Gridlock'd (1997),0,0,0,0,0,1,0,0,0,0,0,0,0,0,0,0,0,0
290,"Night to Remember, A (1958)",1,0,0,0,0,0,0,1,0,0,0,0,0,0,0,0,0,0
291,Horror Hotel (a.k.a. The City of the Dead) (1960),0,0,0,0,0,0,0,0,0,0,1,0,0,0,0,0,0,0
292,Drop Zone (1994),1,0,0,0,0,0,0,0,0,0,0,0,0,0,0,0,0,0
293,Beyond Silence (1996),0,0,0,0,0,0,0,1,0,0,0,0,0,0,0,0,0,0
294,Reach the Rock (1997),0,0,0,0,1,0,0,0,0,0,0,0,0,0,0,0,0,0
295,Star Wars: Episode I - The Phantom Menace (1999),1,1,0,0,0,0,0,0,1,0,0,0,0,0,1,0,0,0
296,Dream Man (1995),0,0,0,0,0,0,0,0,0,0,0,0,0,0,0,1,0,0
297,Juno and Paycock (1930),0,0,0,0,0,0,0,1,0,0,0,0,0,0,0,0,0,0
298,Sullivan's Travels (1942),0,0,0,0,1,0,0,0,0,0,0,0,0,0,0,0,0,0
299,200 Cigarettes (1999),0,0,0,0,1,0,0,1,0,0,0,0,0,0,0,0,0,0
300,Shanghai Surprise (1986),0,1,0,0,0,0,0,0,0,0,0,0,0,0,0,0,0,0
301,Idle Hands (1999),0,0,0,0,1,0,0,0,0,0,1,0,0,0,0,0,0,0
302,Renaissance Man (1994),0,0,0,0,1,0,0,1,0,0,0,0,0,0,0,0,1,0
303,Giant (1956),0,0,0,0,0,0,0,1,0,0,0,0,0,0,0,0,0,0
304,Smilla's Sense of Snow (1997),1,0,0,0,0,0,0,1,0,0,0,0,0,0,0,1,0,0
305,I'm Not Rappaport (1996),0,0,0,0,1,0,0,0,0,0,0,0,0,0,0,0,0,0
306,"Love, etc. (1996)",0,0,0,0,0,0,0,1,0,0,0,0,0,0,0,0,0,0
307,Jamaica Inn (1939),0,0,0,0,0,0,0,1,0,0,0,0,0,0,0,0,0,0
308,"Insider, The (1999)",0,0,0,0,0,0,0,1,0,0,0,0,0,0,0,0,0,0
309,Bossa Nova (1999),0,0,0,0,1,0,0,0,0,0,0,0,0,0,0,0,0,0
310,Miller's Crossing (1990),0,0,0,0,0,0,0,1,0,0,0,0,0,0,0,0,0,0
311,Stir of Echoes (1999),0,0,0,0,0,0,0,0,0,0,0,0,0,0,0,1,0,0
312,To Sir with Love (1967),0,0,0,0,0,0,0,1,0,0,0,0,0,0,0,0,0,0
313,"Big Sleep, The (1946)",0,0,0,0,0,0,0,0,0,1,0,0,1,0,0,0,0,0
314,"Year My Voice Broke, The (1987)",0,0,0,0,0,0,0,1,0,0,0,0,0,0,0,0,0,0
315,Philadelphia (1993),0,0,0,0,0,0,0,1,0,0,0,0,0,0,0,0,0,0
316,Run Lola Run (Lola rennt) (1998),1,0,0,0,0,1,0,0,0,0,0,0,0,1,0,0,0,0
317,A Chef in Love (1996),0,0,0,0,1,0,0,0,0,0,0,0,0,0,0,0,0,0
318,Detroit 9000 (1973),1,0,0,0,0,1,0,0,0,0,0,0,0,0,0,0,0,0
319,Rush Hour (1998),1,0,0,0,0,0,0,0,0,0,0,0,0,0,0,1,0,0
320,Hard Target (1993),1,1,0,0,0,1,0,0,0,0,0,0,0,0,0,1,0,0
321,Herbie Goes Bananas (1980),0,1,0,1,1,0,0,0,0,0,0,0,0,0,0,0,0,0
322,Mortal Thoughts (1991),0,0,0,0,0,0,0,0,0,0,0,0,1,0,0,1,0,0
323,Flight of the Navigator (1986),0,1,0,1,0,0,0,0,0,0,0,0,0,0,1,0,0,0
324,"Endless Summer, The (1966)",0,0,0,0,0,0,1,0,0,0,0,0,0,0,0,0,0,0
325,Beautiful Thing (1996),0,0,0,0,0,0,0,1,0,0,0,0,0,1,0,0,0,0
326,"Untouchables, The (1987)",1,0,0,0,0,1,0,1,0,0,0,0,0,0,0,0,0,0
327,My Tutor (1983),0,0,0,0,0,0,0,1,0,0,0,0,0,0,0,0,0,0
328,Office Killer (1997),0,0,0,0,0,0,0,0,0,0,0,0,0,0,0,1,0,0
329,"Double Life of Veronique, The (La Double Vie de Véronique) (1991)",0,0,0,0,0,0,0,1,0,0,0,0,0,0,0,0,0,0
330,"Battle of the Sexes, The (1959)",0,0,0,0,1,0,0,0,0,0,0,0,0,0,0,0,0,0
331,"Big Carnival, The (1951)",0,0,0,0,0,0,0,1,0,0,0,0,0,0,0,0,0,0
332,Jumanji (1995),0,1,0,1,0,0,0,0,1,0,0,0,0,0,0,0,0,0
333,Digimon: The Movie (2000),0,1,1,1,0,0,0,0,0,0,0,0,0,0,0,0,0,0
334,"Jerky Boys, The (1994)",0,0,0,0,1,0,0,0,0,0,0,0,0,0,0,0,0,0
335,"Proprietor, The (1996)",0,0,0,0,0,0,0,1,0,0,0,0,0,0,0,0,0,0
336,Any Number Can Win (Mélodie en sous-sol ) (1963),0,0,0,0,0,1,0,0,0,0,0,0,0,0,0,0,0,0
337,Brown's Requiem (1998),0,0,0,0,0,0,0,1,0,0,0,0,0,0,0,0,0,0
338,Jerry Maguire (1996),0,0,0,0,0,0,0,1,0,0,0,0,0,1,0,0,0,0
339,"Pillow Book, The (1995)",0,0,0,0,0,0,0,1,0,0,0,0,0,1,0,0,0,0
340,"Boys of St. Vincent, The (1993)",0,0,0,0,0,0,0,1,0,0,0,0,0,0,0,0,0,0
341,"Ugly, The (1997)",0,0,0,0,0,0,0,0,0,0,1,0,0,0,0,1,0,0
342,American Strays (1996),1,0,0,0,0,0,0,0,0,0,0,0,0,0,0,0,0,0
343,Somebody is Waiting (1996),0,0,0,0,0,0,0,1,0,0,0,0,0,0,0,0,0,0
345,Shakes the Clown (1991),0,0,0,0,1,0,0,0,0,0,0,0,0,0,0,0,0,0
346,Retro Puppetmaster (1999),0,0,0,0,0,0,0,0,0,0,1,0,0,0,1,1,0,0
347,New Rose Hotel (1998),1,0,0,0,0,0,0,1,0,0,0,0,0,0,0,0,0,0
348,"Quest, The (1996)",1,1,0,0,0,0,0,0,0,0,0,0,0,0,0,0,0,0
349,"Navigator: A Mediaeval Odyssey, The (1988)",0,1,0,0,0,0,0,0,1,0,0,0,0,0,1,0,0,0
350,Underworld (1997),0,0,0,0,0,0,0,0,0,0,0,0,0,0,0,1,0,0
351,Village of the Damned (1960),0,0,0,0,0,0,0,0,0,0,1,0,0,0,1,1,0,0
352,Mr. Holland's Opus (1995),0,0,0,0,0,0,0,1,0,0,0,0,0,0,0,0,0,0
353,"Mummy, The (1999)",1,1,0,0,0,0,0,0,0,0,1,0,0,0,0,1,0,0
354,It Takes Two (1995),0,0,0,0,1,0,0,0,0,0,0,0,0,0,0,0,0,0
355,Voyage to the Beginning of the World (1997),0,0,0,0,0,0,0,1,0,0,0,0,0,0,0,0,0,0
356,Picnic at Hanging Rock (1975),0,0,0,0,0,0,0,1,0,0,0,0,1,0,0,0,0,0
357,Flawless (1999),0,0,0,0,0,0,0,1,0,0,0,0,0,0,0,0,0,0
359,Jack Frost (1998),0,0,0,0,1,0,0,1,0,0,0,0,0,0,0,0,0,0
360,Police Academy 2: Their First Assignment (1985),0,0,0,0,1,0,0,0,0,0,0,0,0,0,0,0,0,0
361,Dreamscape (1984),0,1,0,0,0,1,0,0,0,0,0,0,0,0,1,1,0,0
362,"End of the Affair, The (1999)",0,0,0,0,0,0,0,1,0,0,0,0,0,0,0,0,0,0
363,"Hot Spot, The (1990)",0,0,0,0,0,0,0,1,0,0,0,0,0,1,0,0,0,0
364,Lulu on the Bridge (1998),0,0,0,0,0,0,0,1,0,0,0,0,1,1,0,0,0,0
365,Star Trek: The Wrath of Khan (1982),1,1,0,0,0,0,0,0,0,0,0,0,0,0,1,0,0,0
366,"Road to Wellville, The (1994)",0,0,0,0,1,0,0,0,0,0,0,0,0,0,0,0,0,0
367,Bambi (1942),0,0,1,1,0,0,0,0,0,0,0,0,0,0,0,0,0,0
368,Fresh (1994),0,0,0,0,0,0,0,1,0,0,0,0,0,0,0,0,0,0
369,Small Faces (1995),0,0,0,0,0,0,0,1,0,0,0,0,0,0,0,0,0,0
370,Warriors of Virtue (1997),1,1,0,1,0,0,0,0,1,0,0,0,0,0,0,0,0,0
371,Swept from the Sea (1997),0,0,0,0,0,0,0,0,0,0,0,0,0,1,0,0,0,0
372,Clara's Heart (1988),0,0,0,0,0,0,0,1,0,0,0,0,0,0,0,0,0,0
373,Best Laid Plans (1999),0,0,0,0,0,1,0,1,0,0,0,0,0,0,0,0,0,0
374,"Muse, The (1999)",0,0,0,0,1,0,0,1,0,0,0,0,0,0,0,0,0,0
375,Tomorrow Never Dies (1997),1,0,0,0,0,0,0,0,0,0,0,0,0,1,0,1,0,0
376,Anastasia (1997),0,0,1,1,0,0,0,0,0,0,0,1,0,0,0,0,0,0
377,Cutthroat Island (1995),1,1,0,0,0,0,0,0,0,0,0,0,0,1,0,0,0,0
378,Son of Frankenstein (1939),0,0,0,0,0,0,0,0,0,0,1,0,0,0,0,0,0,0
379,In & Out (1997),0,0,0,0,1,0,0,0,0,0,0,0,0,0,0,0,0,0
380,Grease (1978),0,0,0,0,1,0,0,0,0,0,0,1,0,1,0,0,0,0
381,Alphaville (1965),0,0,0,0,0,0,0,0,0,0,0,0,0,0,1,0,0,0
382,"Silence of the Palace, The (Saimt el Qusur) (1994)",0,0,0,0,0,0,0,1,0,0,0,0,0,0,0,0,0,0
383,Vacation (1983),0,0,0,0,1,0,0,0,0,0,0,0,0,0,0,0,0,0
384,Grease 2 (1982),0,0,0,0,1,0,0,0,0,0,0,1,0,1,0,0,0,0
385,Daughter of Dr. Jeckyll (1957),0,0,0,0,0,0,0,0,0,0,1,0,0,0,0,0,0,0
386,Jaws 2 (1978),1,0,0,0,0,0,0,0,0,0,1,0,0,0,0,0,0,0
387,"Man Who Knew Too Little, The (1997)",0,0,0,0,1,0,0,0,0,0,0,0,1,0,0,0,0,0
388,Love! Valour! Compassion! (1997),0,0,0,0,0,0,0,1,0,0,0,0,0,1,0,0,0,0
389,Train of Life (Train De Vie) (1998),0,0,0,0,1,0,0,1,0,0,0,0,0,0,0,0,0,0
390,"Rock, The (1996)",1,1,0,0,0,0,0,0,0,0,0,0,0,0,0,1,0,0
391,Bitter Sugar (Azucar Amargo) (1996),0,0,0,0,0,0,0,1,0,0,0,0,0,0,0,0,0,0
392,See the Sea (Regarde la mer) (1997),0,0,0,0,0,0,0,1,0,0,0,0,0,0,0,0,0,0
393,"Sadness of Sex, The (1995)",0,0,0,0,0,0,0,1,0,0,0,0,0,0,0,0,0,0
394,"Midaq Alley (Callejón de los milagros, El) (1995)",0,0,0,0,0,0,0,1,0,0,0,0,0,0,0,0,0,0
395,"Poseidon Adventure, The (1972)",1,1,0,0,0,0,0,0,0,0,0,0,0,0,0,0,0,0
396,"Bridge on the River Kwai, The (1957)",0,0,0,0,0,0,0,1,0,0,0,0,0,0,0,0,1,0
397,Scream (1996),0,0,0,0,0,0,0,0,0,0,1,0,0,0,0,1,0,0
398,Love & Sex (2000),0,0,0,0,1,0,0,0,0,0,0,0,0,1,0,0,0,0
399,Die Hard: With a Vengeance (1995),1,0,0,0,0,0,0,0,0,0,0,0,0,0,0,1,0,0
400,"Children of Heaven, The (Bacheha-Ye Aseman) (1997)",0,0,0,0,0,0,0,1,0,0,0,0,0,0,0,0,0,0
401,Firestarter (1984),0,0,0,0,0,0,0,0,0,0,1,0,0,0,0,1,0,0
402,Lethal Weapon 2 (1989),1,0,0,0,1,1,0,1,0,0,0,0,0,0,0,0,0,0
403,Gospa (1995),0,0,0,0,0,0,0,1,0,0,0,0,0,0,0,0,0,0
404,Coneheads (1993),0,0,0,0,1,0,0,0,0,0,0,0,0,0,1,0,0,0
406,"Little Princess, The (1939)",0,0,0,1,0,0,0,1,0,0,0,0,0,0,0,0,0,0
407,"Great Mouse Detective, The (1986)",0,0,1,1,0,0,0,0,0,0,0,0,0,0,0,0,0,0
408,"Princess Bride, The (1987)",1,1,0,0,1,0,0,0,0,0,0,0,0,1,0,0,0,0
409,Medicine Man (1992),0,1,0,0,0,0,0,0,0,0,0,0,0,1,0,0,0,0
410,Stefano Quantestorie (1993),0,0,0,0,1,0,0,1,0,0,0,0,0,0,0,0,0,0
411,Air America (1990),1,0,0,0,1,0,0,0,0,0,0,0,0,0,0,0,0,0
412,"Ghost of Frankenstein, The (1942)",0,0,0,0,0,0,0,0,0,0,1,0,0,0,0,0,0,0
413,She's Gotta Have It (1986),0,0,0,0,1,0,0,0,0,0,0,0,0,1,0,0,0,0
414,Stalker (1979),0,0,0,0,0,0,0,0,0,0,0,0,1,0,1,0,0,0
415,"Exorcist, The (1973)",0,0,0,0,0,0,0,0,0,0,1,0,0,0,0,0,0,0
416,Carnosaur 2 (1995),0,0,0,0,0,0,0,0,0,0,1,0,0,0,1,0,0,0
417,Angels in the Outfield (1994),0,0,0,1,1,0,0,0,0,0,0,0,0,0,0,0,0,0
418,Pitch Black (2000),1,0,0,0,0,0,0,0,0,0,0,0,0,0,1,0,0,0
419,Funny Bones (1995),0,0,0,0,1,0,0,0,0,0,0,0,0,0,0,0,0,0
420,Billy's Hollywood Screen Kiss (1997),0,0,0,0,1,0,0,0,0,0,0,0,0,1,0,0,0,0
421,Kurt & Courtney (1998),0,0,0,0,0,0,1,0,0,0,0,1,0,0,0,0,0,0
422,"Man Who Would Be King, The (1975)",0,1,0,0,0,0,0,0,0,0,0,0,0,0,0,0,0,0
423,Something Wicked This Way Comes (1983),0,0,0,1,0,0,0,0,0,0,1,0,0,0,0,0,0,0
424,"Fugitive, The (1993)",1,0,0,0,0,0,0,0,0,0,0,0,0,0,0,1,0,0
425,"Kill, Baby... Kill! (Operazione Paura) (1966)",0,0,0,0,0,0,0,0,0,0,1,0,0,0,0,0,0,0
426,Knightriders (1981),1,1,0,0,0,0,0,1,0,0,0,0,0,0,0,0,0,0
427,Heaven's Prisoners (1996),0,0,0,0,0,0,0,0,0,0,0,0,1,0,0,1,0,0
428,Tango (1998),0,0,0,0,0,0,0,1,0,0,0,0,0,0,0,0,0,0
429,Laura (1944),0,0,0,0,0,1,0,0,0,1,0,0,1,0,0,0,0,0
430,Sorority House Massacre II (1990),0,0,0,0,0,0,0,0,0,0,1,0,0,0,0,0,0,0
431,Switchblade Sisters (1975),0,0,0,0,0,1,0,0,0,0,0,0,0,0,0,0,0,0
432,Alive (1993),0,0,0,0,0,0,0,1,0,0,0,0,0,0,0,0,0,0
433,"Green Mile, The (1999)",0,0,0,0,0,0,0,1,0,0,0,0,0,0,0,1,0,0
434,"Raven, The (1963)",0,0,0,0,1,0,0,0,0,0,1,0,0,0,0,0,0,0
435,They Might Be Giants (1971),0,0,0,0,1,0,0,0,0,0,0,0,0,1,0,0,0,0
436,Return of the Fly (1959),0,0,0,0,0,0,0,0,0,0,1,0,0,0,1,0,0,0
437,"Hurricane, The (1999)",0,0,0,0,0,0,0,1,0,0,0,0,0,0,0,0,0,0
438,Taxi Driver (1976),0,0,0,0,0,0,0,1,0,0,0,0,0,0,0,1,0,0
439,Action Jackson (1988),1,0,0,0,1,0,0,0,0,0,0,0,0,0,0,0,0,0
440,Kramer Vs. Kramer (1979),0,0,0,0,0,0,0,1,0,0,0,0,0,0,0,0,0,0
441,FairyTale: A True Story (1997),0,0,0,1,0,0,0,1,1,0,0,0,0,0,0,0,0,0
442,"Lost World: Jurassic Park, The (1997)",1,1,0,0,0,0,0,0,0,0,0,0,0,0,1,1,0,0
443,Children of Paradise (Les enfants du paradis) (1945),0,0,0,0,0,0,0,1,0,0,0,0,0,1,0,0,0,0
444,Eternity and a Day (Mia eoniotita ke mia mera ) (1998),0,0,0,0,0,0,0,1,0,0,0,0,0,0,0,0,0,0
445,"Mole People, The (1956)",0,0,0,0,0,0,0,0,0,0,0,0,0,0,1,0,0,0
446,"Lord of the Rings, The (1978)",0,1,1,1,0,0,0,0,0,0,0,0,0,0,1,0,0,0
447,Meet Me in St. Louis (1944),0,0,0,0,0,0,0,0,0,0,0,1,0,0,0,0,0,0
448,Why Do Fools Fall In Love? (1998),0,0,0,0,0,0,0,1,0,0,0,0,0,0,0,0,0,0
449,Dear Diary (Caro Diario) (1994),0,0,0,0,1,0,0,1,0,0,0,0,0,0,0,0,0,0
450,Gandhi (1982),0,0,0,0,0,0,0,1,0,0,0,0,0,0,0,0,0,0
451,Meet the Deedles (1998),0,0,0,1,1,0,0,0,0,0,0,0,0,0,0,0,0,0
452,"Specialist, The (1994)",1,0,0,0,0,0,0,0,0,0,0,0,0,0,0,0,0,0
453,Flashdance (1983),0,0,0,0,0,0,0,1,0,0,0,0,0,1,0,0,0,0
454,Legends of the Fall (1994),0,0,0,0,0,0,0,1,0,0,0,0,0,1,0,0,1,1
455,Cabaret Balkan (Bure Baruta) (1998),0,0,0,0,0,0,0,1,0,0,0,0,0,0,0,0,0,0
456,"Verdict, The (1982)",0,0,0,0,0,0,0,1,0,0,0,0,0,0,0,0,0,0
457,Species (1995),0,0,0,0,0,0,0,0,0,0,1,0,0,0,1,0,0,0
458,"Savage Nights (Nuits fauves, Les) (1992)",0,0,0,0,0,0,0,1,0,0,0,0,0,0,0,0,0,0
459,Kicked in the Head (1997),0,0,0,0,1,0,0,1,0,0,0,0,0,0,0,0,0,0
460,Cheetah (1989),0,1,0,1,0,0,0,0,0,0,0,0,0,0,0,0,0,0
461,Permanent Midnight (1998),0,0,0,0,0,0,0,1,0,0,0,0,0,0,0,0,0,0
462,Farewell My Concubine (1993),0,0,0,0,0,0,0,1,0,0,0,0,0,1,0,0,0,0
463,Dirty Work (1998),0,0,0,0,1,0,0,0,0,0,0,0,0,0,0,0,0,0
464,"Boondock Saints, The (1999)",1,0,0,0,1,0,0,0,0,0,0,0,0,0,0,0,0,0
465,Under Capricorn (1949),0,0,0,0,0,0,0,1,0,0,0,0,0,0,0,0,0,0
466,"Few Good Men, A (1992)",0,0,0,0,0,1,0,1,0,0,0,0,0,0,0,0,0,0
467,"Apple Dumpling Gang Rides Again, The (1979)",0,0,0,1,1,0,0,0,0,0,0,0,0,0,0,0,0,1
468,Prince Valiant (1997),0,1,0,0,0,0,0,0,0,0,0,0,0,0,0,0,0,0
469,Rope (1948),0,0,0,0,0,0,0,0,0,0,0,0,0,0,0,1,0,0
470,"Brandon Teena Story, The (1998)",0,0,0,0,0,0,1,0,0,0,0,0,0,0,0,0,0,0
471,"Player's Club, The (1998)",1,0,0,0,0,0,0,1,0,0,0,0,0,0,0,0,0,0
472,Predator 2 (1990),1,0,0,0,0,0,0,0,0,0,0,0,0,0,1,1,0,0
473,Splash (1984),0,0,0,0,1,0,0,0,1,0,0,0,0,1,0,0,0,0
474,Brenda Starr (1989),0,1,0,0,0,0,0,0,0,0,0,0,0,0,0,0,0,0
475,Mission: Impossible 2 (2000),1,0,0,0,0,0,0,0,0,0,0,0,0,0,0,1,0,0
476,Joe's Apartment (1996),0,0,0,0,1,0,0,0,0,0,0,1,0,0,0,0,0,0
477,"Crossing Guard, The (1995)",0,0,0,0,0,0,0,1,0,0,0,0,0,0,0,0,0,0
478,Cruel Intentions (1999),0,0,0,0,0,0,0,1,0,0,0,0,0,0,0,0,0,0
479,Jules and Jim (Jules et Jim) (1961),0,0,0,0,0,0,0,1,0,0,0,0,0,0,0,0,0,0
480,Doctor Dolittle (1967),0,1,0,0,0,0,0,0,0,0,0,1,0,0,0,0,0,0
481,Hell Night (1981),0,0,0,0,0,0,0,0,0,0,1,0,0,0,0,0,0,0
482,Godzilla (Gojira) (1954),1,0,0,0,0,0,0,0,0,0,0,0,0,0,1,0,0,0
483,"School of Flesh, The (L' École de la chair) (1998)",0,0,0,0,0,0,0,1,0,0,0,0,0,0,0,0,0,0
484,Peter Pan (1953),0,0,1,1,0,0,0,0,1,0,0,1,0,0,0,0,0,0
485,South Pacific (1958),0,0,0,0,0,0,0,0,0,0,0,1,0,1,0,0,1,0
486,"Dorado, El (1967)",0,0,0,0,0,0,0,0,0,0,0,0,0,0,0,0,0,1
487,Mighty Aphrodite (1995),0,0,0,0,1,0,0,0,0,0,0,0,0,0,0,0,0,0
488,Bad Boys (1995),1,0,0,0,0,0,0,0,0,0,0,0,0,0,0,0,0,0
489,Paths of Glory (1957),0,0,0,0,0,0,0,1,0,0,0,0,0,0,0,0,1,0
490,It's in the Water (1998),0,0,0,0,1,0,0,0,0,0,0,0,0,0,0,0,0,0
491,With Honors (1994),0,0,0,0,1,0,0,1,0,0,0,0,0,0,0,0,0,0
492,Melody Time (1948),0,0,1,1,0,0,0,0,0,0,0,1,0,0,0,0,0,0
493,Otello (1986),0,0,0,0,0,0,0,1,0,0,0,0,0,0,0,0,0,0
494,Diva (1981),1,0,0,0,0,0,0,1,0,0,0,0,1,1,0,1,0,0
495,Cosi (1996),0,0,0,0,1,0,0,0,0,0,0,0,0,0,0,0,0,0
496,Lethal Weapon 4 (1998),1,0,0,0,1,1,0,1,0,0,0,0,0,0,0,0,0,0
497,Only You (1994),0,0,0,0,1,0,0,0,0,0,0,0,0,1,0,0,0,0
498,You Can't Take It With You (1938),0,0,0,0,1,0,0,0,0,0,0,0,0,0,0,0,0,0
499,Home for the Holidays (1995),0,0,0,0,0,0,0,1,0,0,0,0,0,0,0,0,0,0
500,Magnum Force (1973),0,0,0,0,0,0,0,0,0,0,0,0,0,0,0,0,0,1
